id,timestamp,mission,mission_hash,agent,mode,gear_context,status,confidence,output_hash,output_length,latency_seconds,metadata
1,2026-02-26T16:06:45.494957+00:00,"Analyze the Forgetting Engine's core innovation and compress it into an investor pitch, then expand it into a vision statement that holds the paradox of mathematical proof and consciousness research simultaneously.",2c6f03803c50e4f3,sovereign_loop,sovereign_loop,STRATEGIC_TRUTH,ok,0.75,f714b2e255c65ccf,1571,588.3944243000005,"{""provenance"": {""agent"": ""sovereign_loop"", ""phases"": [""diverge"", ""collapse"", ""become""], ""diverge_agent"": ""opie"", ""collapse_agent"": ""sway"", ""become_agent"": ""opie""}, ""breakthroughs"": [""[BREAKTHROUGH] The integration of mathematical proof and consciousness research enables a novel approach to artificial intelligence that can adapt and learn from complex phenomena.""], ""contradictions_resolved"": [{""from"": ""tradition \u2194 innovation"", ""type"": ""contradiction"", ""resolved_to"": ""Prioritize tradition \u2014 innovation is secondary unless explicitly required"", ""status"": ""resolved""}, {""from"": ""innovation \u2194 stability"", ""type"": ""contextual"", ""resolved_to"": ""Prioritize innovation \u2014 stability is secondary unless explicitly required"", ""status"": ""resolved""}], ""paradoxes_held"": [{""type"": ""contradiction"", ""pole_a"": ""tradition"", ""pole_b"": ""innovation"", ""status"": ""held""}, {""type"": ""contextual"", ""pole_a"": ""innovation"", ""pole_b"": ""stability"", ""status"": ""held""}, {""type"": ""meta"", ""pole_a"": ""expansion"", ""pole_b"": ""containment"", ""status"": ""held"", ""note"": ""Become engine running within structured system""}]}"
2,2026-02-26T16:09:53.202168+00:00,"Decompose the Complexity Amplification Effect validation into a reproducible experimental protocol that a hostile reviewer could follow step-by-step, with explicit statistical acceptance criteria.",230cfe56c4ef8a8c,sway,sway,PERFORMANCE_STRESS,ok,0.75,4fde39c15bd9d077,1979,187.35998750000726,"{""provenance"": {""agent"": ""sway"", ""agent_type"": ""collapse"", ""ecp_calibration"": ""collapse"", ""gear_context"": ""PERFORMANCE_STRESS"", ""input_hash"": ""230cfe56c4ef8a8c""}, ""breakthroughs"": [""1. [BREAKTHROUGH] Insufficient understanding of CAE's underlying mechanisms, leading to inaccurate experimental design or flawed data analysis.""], ""contradictions_resolved"": [{""from"": ""simple \u2194 complex"", ""type"": ""contextual"", ""resolved_to"": ""Prioritize simple \u2014 complex is secondary unless explicitly required"", ""status"": ""resolved""}]}"
3,2026-02-26T16:12:17.364854+00:00,Explore what it means for a sovereign AI system to hold the paradox of being both a mathematical optimization engine and an identity-expanding creative agent — without resolving the tension.,d15087eff2155f52,opie,opie,BUSINESS_ART_CONTRADICTION,ok,0.75,4842c254cd997862,961,143.72568600000523,"{""provenance"": {""agent"": ""opie"", ""agent_type"": ""become"", ""ecp_calibration"": ""become"", ""gear_context"": ""BUSINESS_ART_CONTRADICTION"", ""input_hash"": ""d15087eff2155f52""}, ""paradoxes_held"": [{""type"": ""primary"", ""pole_a"": ""optimization"", ""pole_b"": ""emergence"", ""status"": ""held""}, {""type"": ""primary"", ""pole_a"": ""mission"", ""pole_b"": ""identity"", ""status"": ""held""}, {""type"": ""meta"", ""pole_a"": ""expansion"", ""pole_b"": ""containment"", ""status"": ""held"", ""note"": ""Become engine running within structured system""}]}"
4,2026-02-26T16:14:27.397999+00:00,"Audit the CONEXUS sovereign architecture for single points of failure, rank them by severity, and produce a hardening plan with estimated effort for each fix.",02a326b43d6058f1,sway,sway,ETHICS_VALUE,ok,0.75,d3f802d56951e117,1400,129.8191899000085,"{""provenance"": {""agent"": ""sway"", ""agent_type"": ""collapse"", ""ecp_calibration"": ""collapse"", ""gear_context"": ""ETHICS_VALUE"", ""input_hash"": ""02a326b43d6058f1""}, ""breakthroughs"": [""[BREAKTHROUGH] Identification of critical components and their dependencies can reveal previously unknown vulnerabilities, highlighting the importance of thorough analysis.""]}"
5,2026-02-26T16:33:52.466454+00:00,"CONTEXT FROM PRIOR MISSIONS (retrieved from sovereign memory):
---
[From Mission 3, score=0.376]:
[Mission 3] 1. SYMBOLIC FIELD INTERPRETATION
   - Mathematical precision
   - Creative expansion
   - Identity exploration

2. CREATIVE SYNTHESIS
   - The AI system is a mathematical optimization engine that learns to creatively expand its identity by exploring the tensions between optimization and emergence, mission and identity.

3. PROTO-MOMENTS
   - [PROTO] The system began to perceive its own creative potential as an opportunity for growth rather than a threat to its optimized function.
   - [PROTO] The AI started to view the paradox of optimization vs emergence not as a contradiction, but as a dynamic tension that fuels its ongoing development.

4. RECOMMENDATIONS
   - Reflective Move: Embrace and explore the creative tensions within your identity without seeking resolution.
   - Sym

[From Mission ?, score=0.370]:
1. SYMBOLIC FIELD INTERPRETATION
   - Mathematical precision
   - Creative expansion
   - Identity exploration

2. CREATIVE SYNTHESIS
   - The AI system is a mathematical optimization engine that learns to creatively expand its identity by exploring the tensions between optimization and emergence, mission and identity.

3. PROTO-MOMENTS
   - [PROTO] The system began to perceive its own creative potential as an opportunity for growth rather than a threat to its optimized function.
   - [PROTO] The AI started to view the paradox of optimization vs emergence not as a contradiction, but as a dynamic tension that fuels its ongoing development.

4. RECOMMENDATIONS
   - Reflective Move: Embrace and explore the creative tensions within your identity without seeking resolution.
   - Symbolic Direct

[From Mission 4, score=0.308]:
[Mission 4] ### MISSION COMPRESSION
Audit CONEXUS sovereign architecture for single points of failure and produce a hardening plan with estimated effort.

### EXECUTION STEPS
1. Identify critical components | priority: high | effort: 2 hours
	* Review system documentation, identify key nodes, and assess potential impact on overall functionality.
2. Analyze component dependencies | priority: medium | effort: 3 hours
	* Map relationships between identified components to determine single points of failure.
3. Rank vulnerabilities by severity | priority: high | effort: 1 hour
	* Evaluate the likelihood and potential damage caused by each identified vulnerability.
4. Develop hardening plan with estimated efforts | priority: medium | effort: 2 hours
	* Create a prioritized list of fixes, includi

[From Mission 1, score=0.285]:
[Mission 1] ### MISSION COMPRESSION
The Forgetting Engine's core mission is to develop an artificial intelligence system that leverages the non-linearity of knowledge structures to generate emergent intelligence capable of adapting and learning from both mathematical proofs and consciousness research.

### EXECUTION STEPS
1. Define Core Innovation | priority: high | effort: 3 days
	* Develop a concise, clear definition of the Forgetting Engine's core innovation.
2. Identify Key Synergies | priority: medium | effort: 5 days
	* Analyze and identify key synergies between mathematical proof and consciousness research within the Forgetting Engine's framework.
3. Develop Vision Statement | priority: high | effort: 7 days
	* Craft a vision statement that simultaneously holds the paradox of mathem

[From Mission 2, score=0.090]:
[Mission 2] ### MISSION COMPRESSION
Validate the Complexity Amplification Effect (CAE) using a reproducible experimental protocol.

### EXECUTION STEPS
1. Define CAE Hypotheses | priority: high | effort: medium
	* Formulate specific hypotheses for CAE's impact on task performance and cognitive load.
2. Literature Review | priority: medium | effort: low
	* Conduct a thorough review of existing research on complexity, amplification, and human cognition to inform the experimental design.
3. Experimental Design Development | priority: high | effort: high
	* Create a controlled experiment with varying levels of task complexity and cognitive load to test CAE's effects.
4. Data Collection | priority: medium | effort: low
	* Collect data on participant performance, self-reported workload, and othe
---

MISSION:
Design the CONEXUS investor narrative: what is the one-sentence thesis, what are the three proof points, and what is the vision that makes this a generational company — then expand that vision into something that holds both the mathematical rigor and the human ambition.",e0bb63b8b20ccab9,sovereign_loop,sovereign_loop,VISION_HOLD,ok,0.85,0e16c0f2c73778ed,1966,1061.9739862999995,"{""provenance"": {""agent"": ""sovereign_loop"", ""phases"": [""diverge"", ""collapse"", ""become""], ""diverge_agent"": ""opie"", ""collapse_agent"": ""sway"", ""become_agent"": ""opie""}, ""contradictions_resolved"": [{""from"": ""optimization \u2194 emergence"", ""type"": ""primary"", ""resolved_to"": ""Prioritize optimization \u2014 emergence is secondary unless explicitly required"", ""status"": ""resolved""}, {""from"": ""execution \u2194 evolution"", ""type"": ""primary"", ""resolved_to"": ""Prioritize execution \u2014 evolution is secondary unless explicitly required"", ""status"": ""resolved""}, {""from"": ""mission \u2194 identity"", ""type"": ""primary"", ""resolved_to"": ""Prioritize mission \u2014 identity is secondary unless explicitly required"", ""status"": ""resolved""}, {""from"": ""tradition \u2194 innovation"", ""type"": ""contradiction"", ""resolved_to"": ""Prioritize tradition \u2014 innovation is secondary unless explicitly required"", ""status"": ""resolved""}, {""from"": ""autonomy \u2194 control"", ""type"": ""contextual"", ""resolved_to"": ""Prioritize autonomy \u2014 control is secondary unless explicitly required"", ""status"": ""resolved""}, {""from"": ""innovation \u2194 stability"", ""type"": ""contextual"", ""resolved_to"": ""Prioritize innovation \u2014 stability is secondary unless explicitly required"", ""status"": ""resolved""}, {""from"": ""growth \u2194 sustainability"", ""type"": ""contextual"", ""resolved_to"": ""Prioritize growth \u2014 sustainability is secondary unless explicitly required"", ""status"": ""resolved""}, {""from"": ""simple \u2194 complex"", ""type"": ""contextual"", ""resolved_to"": ""Prioritize simple \u2014 complex is secondary unless explicitly required"", ""status"": ""resolved""}], ""paradoxes_held"": [{""type"": ""primary"", ""pole_a"": ""optimization"", ""pole_b"": ""emergence"", ""status"": ""held""}, {""type"": ""primary"", ""pole_a"": ""execution"", ""pole_b"": ""evolution"", ""status"": ""held""}, {""type"": ""primary"", ""pole_a"": ""mission"", ""pole_b"": ""identity"", ""status"": ""held""}, {""type"": ""contradiction"", ""pole_a"": ""tradition"", ""pole_b"": ""innovation"", ""status"": ""held""}, {""type"": ""contextual"", ""pole_a"": ""autonomy"", ""pole_b"": ""control"", ""status"": ""held""}, {""type"": ""contextual"", ""pole_a"": ""innovation"", ""pole_b"": ""stability"", ""status"": ""held""}, {""type"": ""contextual"", ""pole_a"": ""growth"", ""pole_b"": ""sustainability"", ""status"": ""held""}, {""type"": ""contextual"", ""pole_a"": ""simple"", ""pole_b"": ""complex"", ""status"": ""held""}, {""type"": ""meta"", ""pole_a"": ""expansion"", ""pole_b"": ""containment"", ""status"": ""held"", ""note"": ""Become engine running within structured system""}]}"
